{
    "loss": 8.770207405090332,
    "accuracy": 0.5035971403121948
}