{
    "loss": 15.90593147277832,
    "accuracy": 0.6074073910713196
}