{
    "loss": 9.11809253692627,
    "accuracy": 0.5539215803146362
}